County,HOUSING OCCUPANCY | nan | Total housing units,HOUSING OCCUPANCY | nan | Occupied housing units,HOUSING OCCUPANCY | nan | Vacant housing units,HOUSING OCCUPANCY | nan | Homeowner vacancy rate,HOUSING OCCUPANCY | nan | Rental vacancy rate,UNITS IN STRUCTURE | nan | Total housing units,"UNITS IN STRUCTURE | nan | 1-unit, detached","UNITS IN STRUCTURE | nan | 1-unit, attached",UNITS IN STRUCTURE | nan | 2 units,UNITS IN STRUCTURE | nan | 3 or 4 units,UNITS IN STRUCTURE | nan | 5 to 9 units,UNITS IN STRUCTURE | nan | 10 to 19 units,UNITS IN STRUCTURE | nan | 20 or more units,UNITS IN STRUCTURE | nan | Mobile home,"UNITS IN STRUCTURE | nan | Boat, RV, van, etc.",YEAR STRUCTURE BUILT | nan | Total housing units,YEAR STRUCTURE BUILT | nan | Built 2020 or later,YEAR STRUCTURE BUILT | nan | Built 2010 to 2019,YEAR STRUCTURE BUILT | nan | Built 2000 to 2009,YEAR STRUCTURE BUILT | nan | Built 1990 to 1999,YEAR STRUCTURE BUILT | nan | Built 1980 to 1989,YEAR STRUCTURE BUILT | nan | Built 1970 to 1979,YEAR STRUCTURE BUILT | nan | Built 1960 to 1969,YEAR STRUCTURE BUILT | nan | Built 1950 to 1959,YEAR STRUCTURE BUILT | nan | Built 1940 to 1949,YEAR STRUCTURE BUILT | nan | Built 1939 or earlier,ROOMS | nan | Total housing units,ROOMS | nan | 1 room,ROOMS | nan | 2 rooms,ROOMS | nan | 3 rooms,ROOMS | nan | 4 rooms,ROOMS | nan | 5 rooms,ROOMS | nan | 6 rooms,ROOMS | nan | 7 rooms,ROOMS | nan | 8 rooms,ROOMS | nan | 9 rooms or more,ROOMS | nan | Median rooms,BEDROOMS | nan | Total housing units,BEDROOMS | nan | No bedroom,BEDROOMS | nan | 1 bedroom,BEDROOMS | nan | 2 bedrooms,BEDROOMS | nan | 3 bedrooms,BEDROOMS | nan | 4 bedrooms,BEDROOMS | nan | 5 or more bedrooms,HOUSING TENURE | nan | Occupied housing units,HOUSING TENURE | nan | Owner-occupied,HOUSING TENURE | nan | Renter-occupied,HOUSING TENURE | nan | Average household size of owner-occupied unit,HOUSING TENURE | nan | Average household size of renter-occupied unit,YEAR HOUSEHOLDER MOVED INTO UNIT | nan | Occupied housing units,YEAR HOUSEHOLDER MOVED INTO UNIT | nan | Moved in 2021 or later,YEAR HOUSEHOLDER MOVED INTO UNIT | nan | Moved in 2018 to 2020,YEAR HOUSEHOLDER MOVED INTO UNIT | nan | Moved in 2010 to 2017,YEAR HOUSEHOLDER MOVED INTO UNIT | nan | Moved in 2000 to 2009,YEAR HOUSEHOLDER MOVED INTO UNIT | nan | Moved in 1990 to 1999,YEAR HOUSEHOLDER MOVED INTO UNIT | nan | Moved in 1989 and earlier,VEHICLES AVAILABLE | nan | Occupied housing units,VEHICLES AVAILABLE | nan | No vehicles available,VEHICLES AVAILABLE | nan | 1 vehicle available,VEHICLES AVAILABLE | nan | 2 vehicles available,VEHICLES AVAILABLE | nan | 3 or more vehicles available,HOUSE HEATING FUEL | nan | Occupied housing units,HOUSE HEATING FUEL | nan | Utility gas,"HOUSE HEATING FUEL | nan | Bottled, tank, or LP gas",HOUSE HEATING FUEL | nan | Electricity,"HOUSE HEATING FUEL | nan | Fuel oil, kerosene, etc.",HOUSE HEATING FUEL | nan | Coal or coke,HOUSE HEATING FUEL | nan | Wood,HOUSE HEATING FUEL | nan | Solar energy,HOUSE HEATING FUEL | nan | Other fuel,HOUSE HEATING FUEL | nan | No fuel used,SELECTED CHARACTERISTICS | nan | Occupied housing units,SELECTED CHARACTERISTICS | nan | Lacking complete plumbing facilities,SELECTED CHARACTERISTICS | nan | Lacking complete kitchen facilities,SELECTED CHARACTERISTICS | nan | No telephone service available,OCCUPANTS PER ROOM | nan | Occupied housing units,OCCUPANTS PER ROOM | nan | 1.00 or less,OCCUPANTS PER ROOM | nan | 1.01 to 1.50,OCCUPANTS PER ROOM | nan | 1.51 or more,VALUE | nan | Owner-occupied units,"VALUE | nan | Less than $50,000","VALUE | nan | $50,000 to $99,999","VALUE | nan | $100,000 to $149,999","VALUE | nan | $150,000 to $199,999","VALUE | nan | $200,000 to $299,999","VALUE | nan | $300,000 to $499,999","VALUE | nan | $500,000 to $999,999","VALUE | nan | $1,000,000 or more",VALUE | nan | Median (dollars),MORTGAGE STATUS | nan | Owner-occupied units,MORTGAGE STATUS | nan | Housing units with a mortgage,MORTGAGE STATUS | nan | Housing units without a mortgage,SELECTED MONTHLY OWNER COSTS (SMOC) | Housing units with a mortgage | Total,SELECTED MONTHLY OWNER COSTS (SMOC) | Housing units with a mortgage | Less than $500,SELECTED MONTHLY OWNER COSTS (SMOC) | Housing units with a mortgage | $500 to $999,"SELECTED MONTHLY OWNER COSTS (SMOC) | Housing units with a mortgage | $1,000 to $1,499","SELECTED MONTHLY OWNER COSTS (SMOC) | Housing units with a mortgage | $1,500 to $1,999","SELECTED MONTHLY OWNER COSTS (SMOC) | Housing units with a mortgage | $2,000 to $2,499","SELECTED MONTHLY OWNER COSTS (SMOC) | Housing units with a mortgage | $2,500 to $2,999","SELECTED MONTHLY OWNER COSTS (SMOC) | Housing units with a mortgage | $3,000 or more",SELECTED MONTHLY OWNER COSTS (SMOC) | Housing units with a mortgage | Median (dollars),SELECTED MONTHLY OWNER COSTS (SMOC) | Housing units without a mortgage | Total,SELECTED MONTHLY OWNER COSTS (SMOC) | Housing units without a mortgage | Less than $250,SELECTED MONTHLY OWNER COSTS (SMOC) | Housing units without a mortgage | $250 to $399,SELECTED MONTHLY OWNER COSTS (SMOC) | Housing units without a mortgage | $400 to $599,SELECTED MONTHLY OWNER COSTS (SMOC) | Housing units without a mortgage | $600 to $799,SELECTED MONTHLY OWNER COSTS (SMOC) | Housing units without a mortgage | $800 to $999,"SELECTED MONTHLY OWNER COSTS (SMOC) | Housing units without a mortgage | $1,000 or more",SELECTED MONTHLY OWNER COSTS (SMOC) | Housing units without a mortgage | Median (dollars),SELECTED MONTHLY OWNER COSTS AS A PERCENTAGE OF HOUSEHOLD INCOME (SMOCAPI) | Housing units with a mortgage (excluding units where SMOCAPI cannot be computed) | Total,SELECTED MONTHLY OWNER COSTS AS A PERCENTAGE OF HOUSEHOLD INCOME (SMOCAPI) | Housing units with a mortgage (excluding units where SMOCAPI cannot be computed) | Less than 20.0 percent,SELECTED MONTHLY OWNER COSTS AS A PERCENTAGE OF HOUSEHOLD INCOME (SMOCAPI) | Housing units with a mortgage (excluding units where SMOCAPI cannot be computed) | 20.0 to 24.9 percent,SELECTED MONTHLY OWNER COSTS AS A PERCENTAGE OF HOUSEHOLD INCOME (SMOCAPI) | Housing units with a mortgage (excluding units where SMOCAPI cannot be computed) | 25.0 to 29.9 percent,SELECTED MONTHLY OWNER COSTS AS A PERCENTAGE OF HOUSEHOLD INCOME (SMOCAPI) | Housing units with a mortgage (excluding units where SMOCAPI cannot be computed) | 30.0 to 34.9 percent,SELECTED MONTHLY OWNER COSTS AS A PERCENTAGE OF HOUSEHOLD INCOME (SMOCAPI) | Housing units with a mortgage (excluding units where SMOCAPI cannot be computed) | 35.0 percent or more,SELECTED MONTHLY OWNER COSTS AS A PERCENTAGE OF HOUSEHOLD INCOME (SMOCAPI) | Housing units with a mortgage (excluding units where SMOCAPI cannot be computed) | Not computed,SELECTED MONTHLY OWNER COSTS AS A PERCENTAGE OF HOUSEHOLD INCOME (SMOCAPI) | Housing unit without a mortgage (excluding units where SMOCAPI cannot be computed) | Total,SELECTED MONTHLY OWNER COSTS AS A PERCENTAGE OF HOUSEHOLD INCOME (SMOCAPI) | Housing unit without a mortgage (excluding units where SMOCAPI cannot be computed) | Less than 10.0 percent,SELECTED MONTHLY OWNER COSTS AS A PERCENTAGE OF HOUSEHOLD INCOME (SMOCAPI) | Housing unit without a mortgage (excluding units where SMOCAPI cannot be computed) | 10.0 to 14.9 percent,SELECTED MONTHLY OWNER COSTS AS A PERCENTAGE OF HOUSEHOLD INCOME (SMOCAPI) | Housing unit without a mortgage (excluding units where SMOCAPI cannot be computed) | 15.0 to 19.9 percent,SELECTED MONTHLY OWNER COSTS AS A PERCENTAGE OF HOUSEHOLD INCOME (SMOCAPI) | Housing unit without a mortgage (excluding units where SMOCAPI cannot be computed) | 20.0 to 24.9 percent,SELECTED MONTHLY OWNER COSTS AS A PERCENTAGE OF HOUSEHOLD INCOME (SMOCAPI) | Housing unit without a mortgage (excluding units where SMOCAPI cannot be computed) | 25.0 to 29.9 percent,SELECTED MONTHLY OWNER COSTS AS A PERCENTAGE OF HOUSEHOLD INCOME (SMOCAPI) | Housing unit without a mortgage (excluding units where SMOCAPI cannot be computed) | 30.0 to 34.9 percent,SELECTED MONTHLY OWNER COSTS AS A PERCENTAGE OF HOUSEHOLD INCOME (SMOCAPI) | Housing unit without a mortgage (excluding units where SMOCAPI cannot be computed) | 35.0 percent or more,SELECTED MONTHLY OWNER COSTS AS A PERCENTAGE OF HOUSEHOLD INCOME (SMOCAPI) | Housing unit without a mortgage (excluding units where SMOCAPI cannot be computed) | Not computed,GROSS RENT | Occupied units paying rent | Total,GROSS RENT | Occupied units paying rent | Less than $500,GROSS RENT | Occupied units paying rent | $500 to $999,"GROSS RENT | Occupied units paying rent | $1,000 to $1,499","GROSS RENT | Occupied units paying rent | $1,500 to $1,999","GROSS RENT | Occupied units paying rent | $2,000 to $2,499","GROSS RENT | Occupied units paying rent | $2,500 to $2,999","GROSS RENT | Occupied units paying rent | $3,000 or more",GROSS RENT | Occupied units paying rent | Median (dollars),GROSS RENT | Occupied units paying rent | No rent paid,GROSS RENT AS A PERCENTAGE OF HOUSEHOLD INCOME (GRAPI) | Occupied units paying rent (excluding units where GRAPI cannot be computed) | Total,GROSS RENT AS A PERCENTAGE OF HOUSEHOLD INCOME (GRAPI) | Occupied units paying rent (excluding units where GRAPI cannot be computed) | Less than 15.0 percent,GROSS RENT AS A PERCENTAGE OF HOUSEHOLD INCOME (GRAPI) | Occupied units paying rent (excluding units where GRAPI cannot be computed) | 15.0 to 19.9 percent,GROSS RENT AS A PERCENTAGE OF HOUSEHOLD INCOME (GRAPI) | Occupied units paying rent (excluding units where GRAPI cannot be computed) | 20.0 to 24.9 percent,GROSS RENT AS A PERCENTAGE OF HOUSEHOLD INCOME (GRAPI) | Occupied units paying rent (excluding units where GRAPI cannot be computed) | 25.0 to 29.9 percent,GROSS RENT AS A PERCENTAGE OF HOUSEHOLD INCOME (GRAPI) | Occupied units paying rent (excluding units where GRAPI cannot be computed) | 30.0 to 34.9 percent,GROSS RENT AS A PERCENTAGE OF HOUSEHOLD INCOME (GRAPI) | Occupied units paying rent (excluding units where GRAPI cannot be computed) | 35.0 percent or more,GROSS RENT AS A PERCENTAGE OF HOUSEHOLD INCOME (GRAPI) | Occupied units paying rent (excluding units where GRAPI cannot be computed) | Not computed
Angelina,37288.0,31996.0,5292.0,0.0,4.8,37288.0,23456.0,575.0,563.0,948.0,710.0,1433.0,2202.0,7341.0,60.0,37288.0,840.0,4771.0,6340.0,5141.0,6821.0,6332.0,2756.0,1582.0,1310.0,1395.0,37288.0,381.0,956.0,3843.0,4979.0,10136.0,6861.0,3079.0,3390.0,3663.0,5.3,37288.0,381.0,3005.0,8729.0,19832.0,4321.0,1020.0,31996.0,20888.0,11108.0,2.65,2.56,31996.0,8818.0,6622.0,6415.0,3909.0,2431.0,3801.0,31996.0,2636.0,10896.0,12501.0,5963.0,,,,,,,,,,,31996.0,172.0,328.0,202.0,31996.0,30819.0,881.0,296.0,20888.0,2709.0,3400.0,3001.0,3579.0,3284.0,3337.0,1357.0,221.0,167400.0,20888.0,10565.0,10323.0,10565.0,96.0,1255.0,5352.0,1638.0,647.0,693.0,884.0,1350.0,10323.0,1755.0,2089.0,3108.0,2217.0,572.0,582.0,477.0,10565.0,4141.0,2274.0,1417.0,502.0,2231.0,0.0,10220.0,4840.0,1472.0,1042.0,1034.0,623.0,195.0,1014.0,103.0,,,,,,,,,1068.0,,9777.0,939.0,1152.0,1039.0,427.0,1770.0,4450.0,1331.0
Bastrop,41426.0,38591.0,2835.0,0.9,2.2,41426.0,26189.0,328.0,474.0,656.0,436.0,403.0,573.0,11623.0,744.0,41426.0,3941.0,10183.0,7660.0,6649.0,5378.0,3222.0,828.0,1676.0,235.0,1654.0,41426.0,1711.0,610.0,2106.0,5473.0,11436.0,8115.0,4643.0,3491.0,3841.0,5.4,41426.0,1711.0,2435.0,6614.0,20254.0,8544.0,1868.0,38591.0,28828.0,9763.0,2.84,2.61,38591.0,9681.0,8796.0,9663.0,4691.0,2797.0,2963.0,38591.0,1820.0,8206.0,14876.0,13689.0,,,,,,,,,,,38591.0,150.0,179.0,603.0,38591.0,35875.0,1603.0,1113.0,28828.0,1520.0,2311.0,1633.0,2893.0,4910.0,11057.0,4112.0,392.0,317000.0,28828.0,12773.0,16055.0,12773.0,0.0,2033.0,2395.0,3944.0,1844.0,1428.0,1129.0,1805.0,16055.0,1002.0,2372.0,3999.0,2969.0,2001.0,3712.0,650.0,12713.0,6092.0,1467.0,1033.0,1365.0,2756.0,60.0,15790.0,5979.0,3929.0,2084.0,1264.0,741.0,334.0,1459.0,265.0,,,,,,,,,1605.0,,8614.0,1043.0,661.0,1259.0,1766.0,1450.0,2435.0,1149.0
Bell,158782.0,145863.0,12919.0,0.8,6.2,158782.0,106655.0,6782.0,8408.0,9715.0,5938.0,6962.0,6953.0,6613.0,756.0,158782.0,9818.0,34362.0,33010.0,20037.0,22157.0,17756.0,8263.0,9883.0,2200.0,1296.0,158782.0,2712.0,6721.0,15753.0,26190.0,37460.0,28697.0,16971.0,13127.0,11151.0,5.2,158782.0,2772.0,14214.0,29875.0,66222.0,40739.0,4960.0,145863.0,85609.0,60254.0,2.81,2.39,145863.0,59073.0,31520.0,26113.0,14953.0,7354.0,6850.0,145863.0,6116.0,48197.0,60683.0,30867.0,145863.0,12595.0,2478.0,127404.0,9.0,0.0,433.0,726.0,42.0,2176.0,145863.0,547.0,1390.0,2539.0,145863.0,140124.0,4493.0,1246.0,85609.0,4875.0,4322.0,5369.0,11464.0,25706.0,24055.0,8185.0,1633.0,262300.0,85609.0,53617.0,31992.0,53617.0,437.0,4068.0,16286.0,14087.0,8047.0,4430.0,6262.0,1724.0,31992.0,1510.0,4940.0,8652.0,7880.0,4234.0,4776.0,619.0,53040.0,21854.0,8764.0,5673.0,4646.0,12103.0,577.0,31151.0,14042.0,5993.0,3210.0,1281.0,1825.0,555.0,4245.0,841.0,58163.0,1349.0,13145.0,22398.0,16605.0,3508.0,858.0,300.0,1331.0,2091.0,57598.0,4979.0,7879.0,8780.0,6842.0,5976.0,23142.0,2656.0
Bexar,836113.0,758070.0,78043.0,1.3,9.8,836113.0,535338.0,19034.0,14061.0,33583.0,52565.0,59655.0,98415.0,23074.0,388.0,836113.0,54199.0,134624.0,147044.0,89405.0,114319.0,100692.0,69640.0,58387.0,31956.0,35847.0,836113.0,33046.0,35285.0,91576.0,134024.0,155311.0,149887.0,86342.0,71936.0,78706.0,5.3,836113.0,34984.0,123419.0,167702.0,314959.0,162894.0,32155.0,758070.0,449545.0,308525.0,2.93,2.37,758070.0,259584.0,145478.0,143527.0,94913.0,56699.0,57869.0,758070.0,51703.0,272350.0,281511.0,152506.0,758070.0,212788.0,8847.0,522046.0,79.0,77.0,619.0,5587.0,98.0,7929.0,758070.0,3179.0,4743.0,6130.0,758070.0,719912.0,24988.0,13170.0,449545.0,18119.0,27157.0,35790.0,49199.0,124854.0,137897.0,49494.0,7035.0,277000.0,449545.0,270266.0,179279.0,270266.0,1208.0,22485.0,53712.0,73723.0,56730.0,25633.0,36775.0,1888.0,179279.0,13416.0,30282.0,39805.0,37905.0,26165.0,31706.0,633.0,269251.0,116234.0,42543.0,29262.0,19240.0,61972.0,1015.0,177404.0,77051.0,35258.0,21160.0,11260.0,7645.0,3349.0,21681.0,1875.0,295897.0,11769.0,49251.0,129717.0,69030.0,24789.0,7842.0,3499.0,1332.0,12628.0,291854.0,31098.0,34347.0,35790.0,33858.0,28575.0,128186.0,16671.0
Bowie,40178.0,36110.0,4068.0,0.8,8.4,40178.0,26205.0,647.0,1887.0,2592.0,687.0,1253.0,1446.0,5384.0,77.0,40178.0,935.0,5878.0,4252.0,3926.0,8178.0,7814.0,4856.0,2239.0,559.0,1541.0,40178.0,674.0,208.0,4486.0,6716.0,9736.0,7774.0,5761.0,2184.0,2639.0,5.3,40178.0,674.0,3141.0,11551.0,19209.0,5026.0,577.0,36110.0,23235.0,12875.0,2.5,2.17,36110.0,10135.0,6543.0,8564.0,4864.0,2605.0,3399.0,36110.0,3416.0,12439.0,12936.0,7319.0,36110.0,13302.0,1280.0,20590.0,0.0,0.0,521.0,180.0,0.0,237.0,36110.0,203.0,662.0,266.0,36110.0,35148.0,392.0,570.0,23235.0,3912.0,3992.0,2878.0,3493.0,4639.0,3238.0,1083.0,0.0,160700.0,23235.0,11274.0,11961.0,11274.0,324.0,2013.0,3553.0,2988.0,1064.0,590.0,742.0,1469.0,11961.0,1659.0,2548.0,3750.0,2088.0,1042.0,874.0,503.0,11274.0,5027.0,1984.0,923.0,554.0,2786.0,0.0,11759.0,4917.0,2796.0,1415.0,611.0,364.0,207.0,1449.0,202.0,,,,,,,,,1026.0,,12033.0,1265.0,774.0,1311.0,1098.0,2251.0,5334.0,842.0
Brazoria,154657.0,138692.0,15965.0,0.9,11.6,154657.0,112146.0,3450.0,930.0,1669.0,5765.0,6789.0,8942.0,14582.0,384.0,154657.0,8903.0,30968.0,33292.0,20612.0,17452.0,22141.0,10179.0,6242.0,2869.0,1999.0,154657.0,2672.0,4249.0,11930.0,20436.0,32349.0,28524.0,18494.0,15219.0,20784.0,5.7,154657.0,2958.0,10729.0,27061.0,63595.0,41995.0,8319.0,138692.0,101477.0,37215.0,2.89,2.46,138692.0,36626.0,30601.0,31790.0,23812.0,9677.0,6186.0,138692.0,5057.0,37667.0,56003.0,39965.0,138692.0,63746.0,5597.0,67629.0,0.0,0.0,83.0,221.0,416.0,1000.0,138692.0,196.0,280.0,370.0,138692.0,133153.0,4065.0,1474.0,101477.0,5164.0,4275.0,4537.0,9996.0,25611.0,41495.0,9595.0,804.0,304700.0,101477.0,63070.0,38407.0,63070.0,289.0,1404.0,6886.0,16427.0,13261.0,10530.0,14273.0,2246.0,38407.0,2752.0,4645.0,6434.0,7649.0,5869.0,11058.0,702.0,63070.0,28433.0,10159.0,5263.0,4317.0,14898.0,0.0,37506.0,15940.0,8287.0,3647.0,2403.0,1760.0,1564.0,3905.0,901.0,,,,,,,,,1471.0,,34582.0,3164.0,4258.0,4607.0,3643.0,3476.0,15434.0,2633.0
Brazos,102864.0,92216.0,10648.0,2.0,6.1,102864.0,49999.0,7403.0,3918.0,8635.0,4522.0,6906.0,15240.0,6041.0,200.0,102864.0,5922.0,24731.0,20754.0,12930.0,14473.0,13864.0,4686.0,2860.0,1573.0,1071.0,102864.0,2058.0,6048.0,13717.0,19842.0,19198.0,18665.0,8402.0,6328.0,8606.0,5.0,102864.0,2192.0,14610.0,27186.0,34249.0,21240.0,3387.0,92216.0,42183.0,50033.0,2.8,2.2,92216.0,44785.0,15341.0,15320.0,10020.0,3996.0,2754.0,92216.0,5107.0,32584.0,35098.0,19427.0,,,,,,,,,,,92216.0,645.0,854.0,114.0,92216.0,89237.0,1829.0,1150.0,42183.0,3100.0,1848.0,2560.0,3121.0,9662.0,15074.0,5758.0,1060.0,309300.0,42183.0,24072.0,18111.0,24072.0,203.0,1737.0,5146.0,6224.0,4509.0,2535.0,3718.0,1916.0,18111.0,723.0,1889.0,3624.0,3308.0,4017.0,4550.0,760.0,24014.0,10388.0,3870.0,2426.0,2651.0,4679.0,58.0,18003.0,6875.0,4302.0,2349.0,1281.0,762.0,483.0,1951.0,108.0,49612.0,959.0,15485.0,19296.0,9071.0,2664.0,1144.0,993.0,1188.0,421.0,47960.0,3906.0,3901.0,4967.0,5297.0,3623.0,26266.0,2073.0
Cameron,162060.0,143033.0,19027.0,1.4,7.3,162060.0,105617.0,3666.0,5561.0,7377.0,4995.0,3926.0,12486.0,17682.0,750.0,162060.0,4668.0,23809.0,35730.0,26967.0,27135.0,21091.0,7789.0,7885.0,4163.0,2823.0,162060.0,4113.0,9486.0,21176.0,39158.0,36014.0,26101.0,11623.0,8428.0,5961.0,4.7,162060.0,5076.0,18795.0,37164.0,75806.0,21607.0,3612.0,143033.0,94661.0,48372.0,2.95,2.97,143033.0,31722.0,24638.0,29765.0,28106.0,14869.0,13933.0,143033.0,8304.0,48058.0,51929.0,34742.0,143033.0,10105.0,2316.0,126996.0,232.0,0.0,57.0,485.0,0.0,2842.0,143033.0,481.0,1036.0,899.0,143033.0,127400.0,9702.0,5931.0,94661.0,11977.0,18351.0,15454.0,16605.0,17158.0,10548.0,3866.0,702.0,154200.0,94661.0,35104.0,59557.0,35104.0,502.0,4705.0,13454.0,10130.0,3024.0,1540.0,1749.0,1448.0,59557.0,6643.0,12963.0,18796.0,10266.0,5661.0,5228.0,509.0,34490.0,16527.0,4458.0,2013.0,3039.0,8453.0,614.0,57804.0,25007.0,10591.0,7668.0,4360.0,2470.0,1531.0,6177.0,1753.0,43264.0,4550.0,23554.0,10930.0,2383.0,1242.0,395.0,210.0,904.0,5108.0,42018.0,4787.0,6225.0,6349.0,3847.0,3937.0,16873.0,6354.0
Collin,453903.0,431746.0,22157.0,0.4,6.4,453903.0,305710.0,12269.0,4504.0,8968.0,19122.0,27626.0,68349.0,6459.0,896.0,453903.0,45203.0,112174.0,111965.0,85316.0,54799.0,28010.0,7464.0,3912.0,1563.0,3497.0,453903.0,16861.0,26185.0,37463.0,45929.0,54667.0,57257.0,49534.0,62175.0,103832.0,6.3,453903.0,17012.0,60886.0,60086.0,124893.0,146821.0,44205.0,431746.0,275791.0,155955.0,3.03,2.25,431746.0,151821.0,94474.0,92816.0,58148.0,25889.0,8598.0,431746.0,16062.0,145206.0,180050.0,90428.0,431746.0,206684.0,8914.0,211808.0,249.0,155.0,19.0,882.0,374.0,2661.0,431746.0,1311.0,2503.0,2316.0,431746.0,417542.0,7658.0,6546.0,275791.0,5426.0,1534.0,1489.0,4692.0,16311.0,103727.0,124745.0,17867.0,513100.0,275791.0,191187.0,84604.0,191187.0,1484.0,1314.0,9923.0,27063.0,36212.0,32767.0,82424.0,2799.0,84604.0,1470.0,829.0,5965.0,11878.0,15318.0,49144.0,1080.0,190283.0,85955.0,29699.0,23982.0,13900.0,36747.0,904.0,83296.0,36287.0,15904.0,8728.0,5411.0,4860.0,2342.0,9764.0,1308.0,152127.0,927.0,4585.0,32928.0,51451.0,35018.0,15823.0,11395.0,1866.0,3828.0,148471.0,16935.0,20467.0,20899.0,15984.0,16621.0,57565.0,7484.0
Comal,82086.0,75234.0,6852.0,1.2,10.5,82086.0,61852.0,1951.0,781.0,1388.0,1099.0,2060.0,6048.0,6907.0,0.0,82086.0,12937.0,23790.0,13332.0,9829.0,8285.0,7543.0,2917.0,1923.0,577.0,953.0,82086.0,1642.0,3117.0,5722.0,11627.0,13018.0,15402.0,9997.0,8459.0,13102.0,5.9,82086.0,1642.0,8218.0,12070.0,34602.0,21002.0,4552.0,75234.0,58955.0,16279.0,2.65,2.22,75234.0,21512.0,16134.0,20509.0,8910.0,5003.0,3166.0,75234.0,1399.0,19555.0,34643.0,19637.0,,,,,,,,,,,75234.0,398.0,710.0,160.0,75234.0,72435.0,1643.0,1156.0,58955.0,3057.0,1426.0,1325.0,3160.0,5520.0,17577.0,21867.0,5023.0,465900.0,58955.0,39020.0,19935.0,39020.0,377.0,1526.0,4261.0,7361.0,7606.0,4619.0,13270.0,2393.0,19935.0,1101.0,2598.0,4007.0,3335.0,3103.0,5791.0,698.0,38957.0,16703.0,5696.0,3693.0,3957.0,8908.0,63.0,19636.0,7370.0,5220.0,2079.0,1053.0,1056.0,998.0,1860.0,299.0,,,,,,,,,1546.0,,15475.0,1865.0,1535.0,2056.0,1806.0,1616.0,6597.0,804.0
Coryell,29882.0,28070.0,1812.0,0.0,4.3,29882.0,21863.0,2352.0,1507.0,1155.0,1104.0,263.0,421.0,1077.0,140.0,29882.0,1080.0,4182.0,4775.0,3703.0,5016.0,4348.0,2312.0,2888.0,579.0,999.0,29882.0,853.0,615.0,934.0,6130.0,5693.0,6744.0,4114.0,2123.0,2676.0,5.6,29882.0,853.0,1704.0,4286.0,13635.0,8594.0,810.0,28070.0,17323.0,10747.0,2.44,2.41,28070.0,9519.0,6488.0,4254.0,3939.0,2319.0,1551.0,28070.0,2098.0,6388.0,12708.0,6876.0,28070.0,5747.0,1226.0,20175.0,0.0,0.0,348.0,95.0,0.0,479.0,28070.0,312.0,270.0,238.0,28070.0,26698.0,725.0,647.0,17323.0,1311.0,1139.0,1402.0,3435.0,5888.0,2918.0,1179.0,51.0,216100.0,17323.0,,,,,,,,,,,1597.0,,,,,,,,598.0,9220.0,5246.0,1111.0,495.0,174.0,2194.0,0.0,8103.0,4449.0,1069.0,495.0,429.0,208.0,79.0,1374.0,0.0,,,,,,,,,1181.0,,10532.0,1305.0,2542.0,1424.0,1956.0,619.0,2686.0,215.0
Dallas,1079042.0,993312.0,85730.0,0.8,9.7,1079042.0,551541.0,41008.0,13287.0,49000.0,76641.0,85513.0,244401.0,17259.0,392.0,1079042.0,33438.0,146030.0,137671.0,107939.0,178173.0,164877.0,130256.0,112847.0,30731.0,37080.0,1079042.0,43077.0,80161.0,156552.0,187118.0,180699.0,169903.0,97268.0,69991.0,94273.0,4.9,1079042.0,48210.0,225781.0,263140.0,342787.0,166548.0,32576.0,993312.0,499830.0,493482.0,2.87,2.31,993312.0,354255.0,184226.0,183558.0,135065.0,71029.0,65179.0,993312.0,65606.0,382710.0,347605.0,197391.0,993312.0,353376.0,13109.0,615644.0,424.0,0.0,425.0,2532.0,1392.0,6410.0,993312.0,4311.0,9679.0,8457.0,993312.0,928631.0,42968.0,21713.0,499830.0,18841.0,12859.0,25278.0,39444.0,134150.0,153070.0,84403.0,31785.0,319100.0,499830.0,285924.0,213906.0,285924.0,564.0,12278.0,44164.0,66499.0,54812.0,31358.0,76249.0,2177.0,213906.0,7201.0,19464.0,39204.0,42283.0,36127.0,69627.0,795.0,284122.0,117113.0,41268.0,30045.0,22170.0,73526.0,1802.0,210047.0,77154.0,45929.0,26138.0,15897.0,9410.0,8175.0,27344.0,3859.0,483411.0,11769.0,34470.0,164863.0,158173.0,68334.0,26713.0,19089.0,1597.0,10071.0,473885.0,39852.0,58728.0,55863.0,62501.0,49977.0,206964.0,19597.0
Denton,390775.0,370503.0,20272.0,0.7,4.4,390775.0,270876.0,12018.0,3419.0,10753.0,16139.0,21576.0,46667.0,8963.0,364.0,390775.0,40905.0,102942.0,86861.0,60057.0,55775.0,26665.0,7903.0,3951.0,2346.0,3370.0,390775.0,9298.0,18047.0,32132.0,46295.0,58188.0,58882.0,47270.0,44902.0,75761.0,6.0,390775.0,10864.0,49868.0,51110.0,127123.0,121658.0,30152.0,370503.0,244791.0,125712.0,2.91,2.26,370503.0,129215.0,85140.0,82070.0,48238.0,16269.0,9571.0,370503.0,14008.0,107755.0,165097.0,83643.0,370503.0,163505.0,5397.0,197809.0,363.0,687.0,809.0,643.0,296.0,994.0,370503.0,1610.0,2119.0,3131.0,370503.0,359132.0,7682.0,3689.0,244791.0,7164.0,2018.0,3121.0,3122.0,23919.0,100871.0,91188.0,13388.0,460300.0,244791.0,172066.0,72725.0,172066.0,279.0,2055.0,12574.0,29353.0,30632.0,31433.0,65740.0,2677.0,72725.0,1498.0,2794.0,7417.0,12058.0,12802.0,36156.0,996.0,171615.0,76195.0,27481.0,19933.0,12541.0,35465.0,451.0,72053.0,29369.0,15712.0,8123.0,5314.0,4169.0,1969.0,7397.0,672.0,122633.0,1344.0,7775.0,32844.0,39216.0,21740.0,10266.0,9448.0,1747.0,3079.0,120795.0,10545.0,12491.0,17078.0,17298.0,11073.0,52310.0,4917.0
Ector,70135.0,66937.0,3198.0,0.0,1.7,70135.0,42334.0,1367.0,0.0,964.0,3856.0,3809.0,4741.0,11521.0,1543.0,70135.0,2970.0,12138.0,5585.0,6309.0,9725.0,10074.0,5366.0,12917.0,3399.0,1652.0,70135.0,2033.0,2316.0,5215.0,18024.0,16268.0,12844.0,5469.0,4847.0,3119.0,5.0,70135.0,2033.0,8658.0,16028.0,33164.0,9496.0,756.0,66937.0,43278.0,23659.0,2.64,2.04,66937.0,21399.0,12683.0,15622.0,7716.0,4575.0,4942.0,66937.0,4623.0,22504.0,24439.0,15371.0,,,,,,,,,,,66937.0,455.0,1222.0,1102.0,66937.0,62406.0,2341.0,2190.0,43278.0,5606.0,5569.0,4566.0,6329.0,11368.0,7161.0,2372.0,307.0,196500.0,43278.0,20134.0,23144.0,20134.0,235.0,2234.0,4547.0,4982.0,3514.0,1881.0,2741.0,1721.0,23144.0,923.0,6135.0,6246.0,3590.0,3744.0,2506.0,532.0,20046.0,9330.0,2469.0,2552.0,1147.0,4548.0,88.0,22964.0,9307.0,4384.0,3631.0,1281.0,1444.0,677.0,2240.0,180.0,,,,,,,,,1169.0,,21225.0,4540.0,2885.0,962.0,2225.0,2354.0,8259.0,2434.0
Ellis,78763.0,75570.0,3193.0,0.3,2.3,78763.0,62300.0,1312.0,1031.0,2116.0,504.0,2180.0,3594.0,5726.0,0.0,78763.0,10085.0,18072.0,15554.0,8130.0,9662.0,6046.0,2670.0,2995.0,1899.0,3650.0,78763.0,637.0,1254.0,3820.0,7655.0,19532.0,16285.0,11584.0,7978.0,10018.0,5.9,78763.0,709.0,4297.0,13244.0,36005.0,20924.0,3584.0,75570.0,56467.0,19103.0,3.08,2.43,75570.0,22583.0,17049.0,16211.0,9793.0,6075.0,3859.0,75570.0,2638.0,18312.0,28118.0,26502.0,,,,,,,,,,,75570.0,85.0,948.0,569.0,75570.0,71080.0,3987.0,503.0,56467.0,2912.0,1778.0,2473.0,2396.0,9260.0,23646.0,11779.0,2223.0,366500.0,56467.0,35708.0,20759.0,35708.0,97.0,1574.0,4520.0,5694.0,9293.0,6137.0,8393.0,2321.0,20759.0,959.0,1578.0,4056.0,4347.0,3797.0,6022.0,777.0,35324.0,13116.0,4955.0,5962.0,1993.0,9298.0,384.0,20554.0,8324.0,4217.0,2132.0,1626.0,1176.0,970.0,2109.0,205.0,,,,,,,,,1693.0,,18253.0,1352.0,1410.0,3484.0,3044.0,1052.0,7911.0,850.0
El,326149.0,301198.0,24951.0,0.7,6.4,326149.0,223340.0,10424.0,6781.0,15283.0,18431.0,13876.0,19401.0,17952.0,661.0,326149.0,9691.0,55480.0,50929.0,40125.0,48054.0,47380.0,23342.0,29964.0,9093.0,12091.0,326149.0,8662.0,8956.0,30390.0,52993.0,72700.0,68950.0,37471.0,24957.0,21070.0,5.4,326149.0,10187.0,26871.0,62324.0,149014.0,65867.0,11886.0,301198.0,190745.0,110453.0,2.99,2.58,301198.0,87381.0,53714.0,57836.0,43768.0,25854.0,32645.0,301198.0,19558.0,94747.0,109042.0,77851.0,301198.0,213302.0,5240.0,78061.0,271.0,0.0,362.0,1531.0,516.0,1915.0,301198.0,1684.0,1525.0,5786.0,301198.0,285381.0,10675.0,5142.0,190745.0,10437.0,15809.0,37386.0,38106.0,55652.0,25695.0,6529.0,1131.0,191100.0,190745.0,97244.0,93501.0,97244.0,1063.0,12901.0,29036.0,27551.0,15312.0,7129.0,4252.0,1596.0,93501.0,6566.0,17097.0,26922.0,22718.0,8671.0,11527.0,568.0,96398.0,39264.0,12421.0,11366.0,9020.0,24327.0,846.0,91996.0,35944.0,18743.0,9030.0,6819.0,3660.0,4069.0,13731.0,1505.0,105880.0,8514.0,34120.0,39017.0,19189.0,3839.0,247.0,954.0,1127.0,4573.0,102020.0,10164.0,11677.0,13079.0,12039.0,10829.0,44232.0,8433.0
Fort,318065.0,303900.0,14165.0,1.1,6.7,318065.0,265427.0,6229.0,1202.0,3140.0,4488.0,8187.0,23681.0,5612.0,99.0,318065.0,27163.0,95107.0,82018.0,39213.0,37303.0,25357.0,5246.0,3923.0,1213.0,1522.0,318065.0,3592.0,6971.0,14368.0,26285.0,40199.0,63400.0,44753.0,41481.0,77016.0,6.6,318065.0,4275.0,20497.0,29578.0,99485.0,123926.0,40304.0,303900.0,234554.0,69346.0,3.15,2.48,303900.0,87520.0,57862.0,82490.0,47904.0,17859.0,10265.0,303900.0,9498.0,75689.0,140241.0,78472.0,303900.0,180681.0,6833.0,114314.0,140.0,0.0,90.0,436.0,50.0,1356.0,303900.0,774.0,1808.0,3955.0,303900.0,295851.0,5148.0,2901.0,234554.0,7093.0,2152.0,3934.0,9217.0,45770.0,98707.0,61876.0,5805.0,384100.0,234554.0,146652.0,87902.0,146652.0,743.0,2717.0,9856.0,23364.0,30620.0,27213.0,52139.0,2611.0,87902.0,1389.0,4275.0,12073.0,12819.0,15910.0,41436.0,967.0,145600.0,62465.0,22178.0,14239.0,8605.0,38113.0,1052.0,87173.0,35476.0,18474.0,12302.0,4565.0,3237.0,1526.0,11593.0,729.0,,,,,,,,,1839.0,,66975.0,5623.0,7227.0,7997.0,6559.0,6382.0,33187.0,2371.0
Galveston,164232.0,142199.0,22033.0,0.9,10.7,164232.0,118127.0,2910.0,2240.0,4932.0,4370.0,8298.0,16199.0,7032.0,124.0,164232.0,6383.0,32078.0,30045.0,18258.0,21710.0,20208.0,15291.0,8663.0,2511.0,9085.0,164232.0,4475.0,6649.0,16000.0,23992.0,29696.0,25579.0,20894.0,15692.0,21255.0,5.6,164232.0,4784.0,18049.0,33415.0,63224.0,37890.0,6870.0,142199.0,96862.0,45337.0,2.69,2.12,142199.0,41422.0,29472.0,34713.0,20999.0,8175.0,7418.0,142199.0,6367.0,45466.0,58237.0,32129.0,142199.0,61869.0,2271.0,76944.0,221.0,0.0,84.0,136.0,47.0,627.0,142199.0,357.0,718.0,1409.0,142199.0,137394.0,3067.0,1738.0,96862.0,4478.0,2770.0,4661.0,8254.0,24952.0,33906.0,15670.0,2171.0,315000.0,96862.0,56428.0,40434.0,56428.0,231.0,2595.0,6741.0,13029.0,13241.0,8423.0,12168.0,2212.0,40434.0,1514.0,4212.0,5680.0,8334.0,6468.0,14226.0,814.0,56206.0,23061.0,9310.0,6208.0,4470.0,13157.0,222.0,40009.0,16341.0,7938.0,3790.0,2673.0,1570.0,1318.0,6379.0,425.0,43757.0,1758.0,6970.0,17293.0,10955.0,5142.0,786.0,853.0,1401.0,1580.0,42031.0,5115.0,4017.0,5706.0,5084.0,4216.0,17893.0,3306.0
Grayson,64132.0,56267.0,7865.0,0.2,6.5,64132.0,47896.0,1271.0,1685.0,1099.0,2209.0,1605.0,2273.0,5897.0,197.0,64132.0,3543.0,8386.0,6929.0,7950.0,7375.0,8362.0,7988.0,6678.0,3235.0,3686.0,64132.0,1024.0,1551.0,4951.0,9928.0,11960.0,14495.0,8201.0,6393.0,5629.0,5.7,64132.0,1249.0,3906.0,14504.0,30910.0,11216.0,2347.0,56267.0,37211.0,19056.0,2.72,2.25,56267.0,20504.0,11915.0,10277.0,6275.0,3207.0,4089.0,56267.0,1773.0,18061.0,20246.0,16187.0,,,,,,,,,,,56267.0,330.0,384.0,322.0,56267.0,54055.0,1470.0,742.0,37211.0,2061.0,2532.0,3051.0,4098.0,8453.0,12163.0,3922.0,931.0,281700.0,37211.0,17696.0,19515.0,17696.0,66.0,1268.0,3730.0,5613.0,2940.0,1363.0,2716.0,1864.0,19515.0,506.0,2329.0,4049.0,3754.0,2876.0,6001.0,745.0,17580.0,8481.0,2499.0,1657.0,1361.0,3582.0,116.0,19119.0,6531.0,4401.0,2150.0,1293.0,1178.0,887.0,2679.0,396.0,,,,,,,,,1325.0,,17796.0,1873.0,1601.0,1699.0,2258.0,968.0,9397.0,1260.0
Gregg,54275.0,47550.0,6725.0,1.7,5.2,54275.0,33561.0,876.0,3424.0,2747.0,2222.0,1632.0,4797.0,4973.0,43.0,54275.0,884.0,6796.0,6844.0,4243.0,8303.0,12082.0,6932.0,4283.0,2147.0,1761.0,54275.0,787.0,1368.0,4089.0,8791.0,12457.0,12754.0,5943.0,4542.0,3544.0,5.5,54275.0,859.0,5649.0,11850.0,29094.0,6006.0,817.0,47550.0,28378.0,19172.0,2.73,2.35,47550.0,15160.0,8386.0,9102.0,6202.0,5273.0,3427.0,47550.0,2427.0,16327.0,17799.0,10997.0,,,,,,,,,,,47550.0,361.0,43.0,296.0,47550.0,45936.0,1458.0,156.0,28378.0,2196.0,4401.0,3835.0,3927.0,8630.0,4425.0,568.0,396.0,197700.0,28378.0,13228.0,15150.0,13228.0,7.0,2200.0,4235.0,3410.0,2089.0,423.0,864.0,1523.0,15150.0,837.0,2837.0,4593.0,3632.0,1707.0,1544.0,558.0,13228.0,6914.0,2322.0,769.0,1211.0,2012.0,0.0,15061.0,6776.0,3049.0,2237.0,328.0,1239.0,82.0,1350.0,89.0,,,,,,,,,1117.0,,18458.0,1834.0,2194.0,3246.0,1619.0,1412.0,8153.0,714.0
Guadalupe,72231.0,69236.0,2995.0,0.6,8.3,72231.0,58519.0,217.0,372.0,1384.0,703.0,1231.0,2948.0,6695.0,162.0,72231.0,8059.0,17175.0,17204.0,9469.0,7755.0,5541.0,2610.0,1115.0,1329.0,1974.0,72231.0,250.0,624.0,5074.0,8581.0,13119.0,16033.0,9698.0,8553.0,10299.0,6.0,72231.0,299.0,2300.0,11080.0,34670.0,19835.0,4047.0,69236.0,56054.0,13182.0,2.8,2.24,69236.0,19686.0,15257.0,15672.0,10133.0,4766.0,3722.0,69236.0,1690.0,16055.0,30488.0,21003.0,69236.0,7529.0,1375.0,59071.0,59.0,0.0,232.0,568.0,0.0,402.0,69236.0,68.0,180.0,937.0,69236.0,67714.0,898.0,624.0,56054.0,3481.0,2524.0,2010.0,2892.0,12951.0,25499.0,5409.0,1288.0,325000.0,56054.0,35747.0,20307.0,35747.0,430.0,2431.0,5957.0,10690.0,8258.0,3371.0,4610.0,1923.0,20307.0,883.0,2604.0,5722.0,4234.0,3216.0,3648.0,647.0,35467.0,16905.0,6742.0,2879.0,2523.0,6418.0,280.0,20151.0,8478.0,3618.0,2318.0,1053.0,1222.0,1228.0,2234.0,156.0,,,,,,,,,1598.0,,12063.0,2051.0,2552.0,1127.0,996.0,1180.0,4157.0,1119.0
Harris,1952822.0,1791013.0,161809.0,1.2,9.2,1952822.0,1099276.0,75345.0,29873.0,66271.0,94969.0,169069.0,368508.0,47392.0,2119.0,1952822.0,81043.0,319366.0,349473.0,226158.0,281085.0,315275.0,157678.0,126083.0,48862.0,47799.0,1952822.0,85152.0,103863.0,246698.0,329886.0,314448.0,314209.0,185982.0,167483.0,205101.0,5.2,1952822.0,91489.0,335962.0,416909.0,632824.0,389831.0,85807.0,1791013.0,988178.0,802835.0,2.91,2.38,1791013.0,619355.0,338676.0,361387.0,262727.0,118411.0,90457.0,1791013.0,125280.0,652630.0,657501.0,355602.0,1791013.0,749650.0,24324.0,991696.0,1539.0,0.0,311.0,3178.0,4254.0,16061.0,1791013.0,7444.0,14136.0,19212.0,1791013.0,1675110.0,67077.0,48826.0,988178.0,41554.0,33712.0,57747.0,101428.0,299251.0,295476.0,116529.0,42481.0,287100.0,988178.0,566392.0,421786.0,566392.0,4297.0,24888.0,93411.0,142472.0,110281.0,68919.0,122124.0,2082.0,421786.0,21564.0,45282.0,82778.0,88619.0,67979.0,115564.0,740.0,563736.0,244604.0,84177.0,60898.0,43241.0,130816.0,2656.0,414153.0,168553.0,81575.0,49100.0,27958.0,19555.0,11606.0,55806.0,7633.0,786804.0,19380.0,135832.0,294710.0,206891.0,82795.0,26862.0,20334.0,1403.0,16031.0,767109.0,72954.0,82544.0,104084.0,91870.0,70381.0,345276.0,35726.0
Harrison,30094.0,26811.0,3283.0,0.0,6.0,30094.0,22715.0,229.0,671.0,573.0,363.0,168.0,589.0,4743.0,43.0,30094.0,557.0,3862.0,4456.0,3105.0,3451.0,4619.0,2611.0,2185.0,2980.0,2268.0,30094.0,248.0,0.0,1080.0,3994.0,8933.0,7035.0,3490.0,2215.0,3099.0,5.6,30094.0,443.0,652.0,6323.0,17361.0,5040.0,275.0,26811.0,19523.0,7288.0,2.56,2.57,26811.0,5598.0,3860.0,6714.0,5741.0,1757.0,3141.0,26811.0,2008.0,7010.0,12068.0,5725.0,,,,,,,,,,,26811.0,211.0,211.0,628.0,26811.0,25447.0,1239.0,125.0,19523.0,2285.0,3278.0,2136.0,1993.0,3840.0,3921.0,1320.0,750.0,201900.0,19523.0,10059.0,9464.0,10059.0,0.0,1604.0,2829.0,2162.0,1696.0,681.0,1087.0,1606.0,9464.0,1608.0,1725.0,2949.0,1487.0,686.0,1009.0,469.0,10035.0,5080.0,1041.0,1463.0,303.0,2148.0,24.0,9161.0,4594.0,1387.0,934.0,294.0,761.0,357.0,834.0,303.0,,,,,,,,,972.0,,5996.0,853.0,872.0,663.0,827.0,906.0,1875.0,1292.0
Hays,110248.0,105917.0,4331.0,0.8,5.5,110248.0,73618.0,3625.0,1651.0,1880.0,3307.0,5647.0,14543.0,5741.0,236.0,110248.0,15083.0,35942.0,23240.0,10441.0,11162.0,7234.0,1864.0,2607.0,856.0,1819.0,110248.0,1463.0,7932.0,11151.0,12692.0,19904.0,17882.0,15505.0,9440.0,14279.0,5.6,110248.0,1499.0,14285.0,17134.0,42036.0,30705.0,4589.0,105917.0,67818.0,38099.0,2.81,2.13,105917.0,40893.0,22347.0,23534.0,11425.0,4295.0,3423.0,105917.0,4997.0,30701.0,42877.0,27342.0,105917.0,33680.0,7455.0,63486.0,0.0,112.0,126.0,591.0,140.0,327.0,105917.0,399.0,779.0,445.0,105917.0,102490.0,2393.0,1034.0,67818.0,3050.0,2078.0,1164.0,1814.0,7246.0,26657.0,19046.0,6763.0,428400.0,67818.0,47645.0,20173.0,47645.0,377.0,1351.0,5285.0,9532.0,11330.0,5675.0,14095.0,2321.0,20173.0,1587.0,1516.0,4402.0,2630.0,3796.0,6242.0,796.0,47645.0,19232.0,7252.0,5771.0,4946.0,10444.0,0.0,19986.0,9052.0,3788.0,1937.0,2007.0,977.0,389.0,1836.0,187.0,36809.0,1865.0,5711.0,12356.0,9595.0,4878.0,1508.0,896.0,1443.0,1290.0,36019.0,3249.0,4012.0,4321.0,3588.0,2982.0,17867.0,2080.0
Henderson,42610.0,33957.0,8653.0,1.0,11.7,42610.0,28146.0,286.0,332.0,1397.0,141.0,465.0,259.0,10861.0,723.0,42610.0,1649.0,4451.0,7086.0,6476.0,9183.0,6446.0,3336.0,1876.0,1632.0,475.0,42610.0,613.0,1452.0,3684.0,6543.0,9523.0,9399.0,5514.0,3454.0,2428.0,5.4,42610.0,1025.0,3794.0,10485.0,19317.0,5821.0,2168.0,33957.0,26630.0,7327.0,2.58,2.22,33957.0,8533.0,5664.0,9214.0,4458.0,4160.0,1928.0,33957.0,1786.0,10705.0,13419.0,8047.0,33957.0,4240.0,2957.0,26148.0,0.0,0.0,279.0,44.0,137.0,152.0,33957.0,408.0,294.0,305.0,33957.0,32555.0,903.0,499.0,26630.0,3871.0,4008.0,1798.0,3010.0,4868.0,5346.0,2783.0,946.0,212500.0,26630.0,10345.0,16285.0,10345.0,34.0,1143.0,3595.0,2266.0,741.0,1142.0,1424.0,1569.0,16285.0,2073.0,3347.0,4366.0,2493.0,1367.0,2639.0,505.0,10178.0,4735.0,2165.0,596.0,558.0,2124.0,167.0,16052.0,6570.0,3204.0,1708.0,1048.0,520.0,935.0,2067.0,233.0,,,,,,,,,999.0,,6153.0,1118.0,622.0,767.0,611.0,678.0,2357.0,1174.0
Hidalgo,314617.0,277001.0,37616.0,0.8,5.1,314617.0,200735.0,6042.0,13265.0,16551.0,10500.0,12630.0,9044.0,44491.0,1359.0,314617.0,10986.0,62296.0,87805.0,56454.0,43364.0,30486.0,10368.0,5927.0,3019.0,3912.0,314617.0,7206.0,14213.0,34745.0,62846.0,82077.0,63885.0,26646.0,13001.0,9998.0,5.0,314617.0,8291.0,29726.0,82552.0,135089.0,51244.0,7715.0,277001.0,184249.0,92752.0,3.4,2.85,277001.0,70319.0,49636.0,61332.0,50875.0,26179.0,18660.0,277001.0,15182.0,92710.0,96340.0,72769.0,277001.0,11806.0,6332.0,254842.0,178.0,0.0,60.0,1410.0,426.0,1947.0,277001.0,2635.0,1876.0,2716.0,277001.0,249948.0,19065.0,7988.0,184249.0,20106.0,41271.0,30053.0,29503.0,38222.0,19580.0,4631.0,883.0,151200.0,184249.0,70565.0,113684.0,70565.0,1115.0,12767.0,24320.0,16550.0,7808.0,4208.0,3797.0,1434.0,113684.0,11680.0,28511.0,35441.0,19782.0,9005.0,9265.0,486.0,69856.0,32851.0,8746.0,6300.0,6041.0,15918.0,709.0,111504.0,44534.0,21644.0,12316.0,8358.0,5430.0,5122.0,14100.0,2180.0,86435.0,9686.0,40133.0,27938.0,6303.0,1376.0,610.0,389.0,936.0,6317.0,84799.0,14203.0,12012.0,9920.0,8985.0,7408.0,32271.0,7953.0
Hood,29446.0,25660.0,3786.0,2.8,26.2,29446.0,21386.0,522.0,170.0,64.0,120.0,937.0,1496.0,4405.0,346.0,29446.0,2355.0,5291.0,5374.0,4254.0,6150.0,3923.0,1028.0,315.0,214.0,542.0,29446.0,971.0,447.0,1115.0,4183.0,6664.0,5755.0,3905.0,3346.0,3060.0,5.7,29446.0,971.0,955.0,5540.0,16215.0,5496.0,269.0,25660.0,20647.0,5013.0,2.66,2.4,25660.0,7002.0,3975.0,6585.0,5171.0,2116.0,811.0,25660.0,472.0,6783.0,11999.0,6406.0,,,,,,,,,,,25660.0,83.0,224.0,275.0,,,,,20647.0,1079.0,1318.0,455.0,1154.0,4670.0,7105.0,4216.0,650.0,350100.0,20647.0,11548.0,9099.0,11548.0,0.0,613.0,3342.0,2776.0,2042.0,1204.0,1571.0,1813.0,9099.0,220.0,1272.0,2515.0,1792.0,1109.0,2191.0,641.0,11548.0,4941.0,2106.0,1089.0,571.0,2841.0,0.0,8894.0,3561.0,1145.0,1185.0,754.0,765.0,131.0,1353.0,205.0,,,,,,,,,1514.0,,4638.0,710.0,318.0,995.0,527.0,275.0,1813.0,375.0
Hunt,44276.0,40067.0,4209.0,2.5,4.0,44276.0,30699.0,1068.0,665.0,1345.0,1650.0,779.0,1086.0,6744.0,240.0,44276.0,2483.0,7107.0,6073.0,6951.0,6711.0,6979.0,4254.0,1161.0,1231.0,1326.0,44276.0,1306.0,997.0,2044.0,7398.0,11385.0,8434.0,5154.0,4317.0,3241.0,5.4,44276.0,1445.0,2893.0,9245.0,21616.0,8600.0,477.0,40067.0,28720.0,11347.0,2.81,2.53,40067.0,10491.0,8746.0,9649.0,5611.0,3716.0,1854.0,40067.0,1605.0,12596.0,15943.0,9923.0,,,,,,,,,,,40067.0,80.0,377.0,1038.0,40067.0,38228.0,1286.0,553.0,28720.0,2398.0,2430.0,1679.0,3509.0,8052.0,5502.0,4190.0,960.0,259800.0,28720.0,14370.0,14350.0,14370.0,93.0,1764.0,3808.0,3762.0,2497.0,811.0,1635.0,1720.0,14350.0,379.0,1713.0,2799.0,3558.0,3239.0,2662.0,732.0,14370.0,6107.0,1427.0,1750.0,1095.0,3991.0,0.0,14216.0,5924.0,2748.0,1853.0,1226.0,543.0,338.0,1584.0,134.0,,,,,,,,,1214.0,,10818.0,1597.0,677.0,2208.0,1427.0,983.0,3926.0,529.0
Jefferson,110636.0,94005.0,16631.0,1.8,9.9,110636.0,80192.0,3106.0,1769.0,3841.0,7225.0,3233.0,7455.0,3669.0,146.0,110636.0,3085.0,11629.0,15503.0,8373.0,12082.0,20420.0,21275.0,11127.0,3227.0,3915.0,110636.0,2517.0,2833.0,7344.0,20172.0,26523.0,23865.0,12230.0,8459.0,6693.0,5.3,110636.0,2633.0,9779.0,32800.0,49326.0,14204.0,1894.0,94005.0,60906.0,33099.0,2.65,2.29,94005.0,26598.0,15438.0,19488.0,14339.0,8656.0,9486.0,94005.0,8117.0,35395.0,33664.0,16829.0,,,,,,,,,,,94005.0,190.0,425.0,1116.0,94005.0,90892.0,2708.0,405.0,60906.0,4629.0,11491.0,8706.0,12342.0,11813.0,10049.0,1438.0,438.0,171000.0,60906.0,26016.0,34890.0,26016.0,262.0,3143.0,8348.0,5560.0,4398.0,2320.0,1985.0,1595.0,34890.0,1629.0,7652.0,8703.0,6539.0,4196.0,6171.0,587.0,26016.0,11673.0,3577.0,1900.0,1604.0,7262.0,0.0,34315.0,12949.0,7183.0,4198.0,2851.0,1647.0,1439.0,4048.0,575.0,31081.0,2341.0,9455.0,12048.0,5187.0,1308.0,193.0,549.0,1129.0,2018.0,30360.0,4712.0,2284.0,3704.0,2759.0,2683.0,14218.0,2739.0
Johnson,73192.0,65934.0,7258.0,3.1,7.1,73192.0,49987.0,1197.0,2001.0,2481.0,739.0,920.0,2872.0,11951.0,1044.0,73192.0,7765.0,13702.0,14209.0,10856.0,10375.0,8490.0,2868.0,2360.0,1429.0,1138.0,73192.0,1072.0,1979.0,2749.0,10821.0,22103.0,13495.0,7863.0,6520.0,6590.0,5.4,73192.0,1466.0,4224.0,10408.0,38534.0,15993.0,2567.0,65934.0,49512.0,16422.0,3.14,2.73,65934.0,18135.0,16470.0,14311.0,9251.0,3931.0,3836.0,65934.0,1914.0,16278.0,27927.0,19815.0,65934.0,9321.0,2904.0,52784.0,0.0,0.0,107.0,174.0,88.0,556.0,65934.0,608.0,793.0,768.0,65934.0,63363.0,1175.0,1396.0,49512.0,1489.0,3509.0,2214.0,3952.0,12659.0,15790.0,9170.0,729.0,310900.0,49512.0,30900.0,18612.0,30900.0,90.0,2035.0,5647.0,7603.0,7001.0,4039.0,4485.0,2005.0,18612.0,372.0,2787.0,5756.0,3355.0,2626.0,3716.0,620.0,30592.0,12918.0,5851.0,2642.0,1910.0,7271.0,308.0,18139.0,8257.0,3447.0,1756.0,1534.0,567.0,1100.0,1478.0,473.0,,,,,,,,,1370.0,,15166.0,1313.0,2195.0,1651.0,1790.0,775.0,7442.0,1256.0
Kaufman,55790.0,52963.0,2827.0,0.4,9.2,55790.0,45201.0,972.0,259.0,1386.0,1050.0,646.0,672.0,5522.0,82.0,55790.0,12191.0,12298.0,13752.0,5332.0,4793.0,2691.0,1440.0,1285.0,220.0,1788.0,55790.0,180.0,641.0,2827.0,7346.0,12002.0,10828.0,6620.0,9279.0,6067.0,6.0,55790.0,209.0,2725.0,7239.0,24614.0,18122.0,2881.0,52963.0,43208.0,9755.0,3.57,3.05,52963.0,17818.0,14414.0,9457.0,5801.0,3749.0,1724.0,52963.0,1960.0,12000.0,21173.0,17830.0,,,,,,,,,,,52963.0,139.0,166.0,145.0,52963.0,49325.0,2938.0,700.0,43208.0,1211.0,1890.0,1596.0,1796.0,8843.0,21617.0,5415.0,840.0,347000.0,43208.0,28983.0,14225.0,28983.0,0.0,1150.0,2635.0,7246.0,6433.0,5957.0,5562.0,2269.0,14225.0,1111.0,996.0,2328.0,2665.0,3176.0,3949.0,801.0,28842.0,9692.0,5562.0,3691.0,2408.0,7489.0,141.0,14146.0,5093.0,3130.0,1695.0,1271.0,721.0,177.0,2059.0,79.0,,,,,,,,,1526.0,,9187.0,336.0,731.0,1948.0,1158.0,1243.0,3771.0,568.0
Liberty,37530.0,32959.0,4571.0,0.0,9.0,37530.0,20802.0,193.0,1011.0,268.0,438.0,739.0,115.0,13707.0,257.0,37530.0,4721.0,7376.0,6761.0,5997.0,3819.0,4042.0,1853.0,1144.0,872.0,945.0,37530.0,66.0,1405.0,2515.0,7464.0,8591.0,6955.0,4402.0,3543.0,2589.0,5.4,37530.0,237.0,3146.0,6624.0,19648.0,6943.0,932.0,32959.0,26630.0,6329.0,3.38,2.04,32959.0,9170.0,6017.0,7670.0,5515.0,2707.0,1880.0,32959.0,1519.0,8193.0,13177.0,10070.0,,,,,,,,,,,32959.0,0.0,322.0,506.0,,,,,26630.0,2155.0,2317.0,4784.0,3946.0,7834.0,4123.0,1382.0,89.0,201200.0,26630.0,14145.0,12485.0,14145.0,117.0,1767.0,3411.0,4838.0,2146.0,813.0,1053.0,1702.0,12485.0,911.0,2448.0,3994.0,1518.0,1483.0,2131.0,561.0,14129.0,6562.0,2108.0,965.0,1095.0,3399.0,16.0,12414.0,6229.0,2917.0,1000.0,708.0,566.0,307.0,687.0,71.0,,,,,,,,,1099.0,,5263.0,761.0,581.0,446.0,173.0,321.0,2981.0,1066.0
Lubbock,142808.0,128053.0,14755.0,1.8,8.3,142808.0,90626.0,5273.0,5950.0,5973.0,8372.0,7020.0,12248.0,7001.0,345.0,142808.0,6781.0,21299.0,20327.0,15026.0,18406.0,21753.0,16441.0,15872.0,4056.0,2847.0,142808.0,1446.0,5217.0,13986.0,27906.0,36284.0,27798.0,12338.0,9636.0,8197.0,5.1,142808.0,1814.0,16289.0,37994.0,64364.0,20721.0,1626.0,128053.0,66968.0,61085.0,2.59,2.2,128053.0,51470.0,25628.0,20558.0,15764.0,7195.0,7438.0,128053.0,7937.0,45665.0,51375.0,23076.0,,,,,,,,,,,128053.0,550.0,1087.0,962.0,128053.0,124747.0,2705.0,601.0,66968.0,4815.0,7689.0,7228.0,10962.0,18270.0,13553.0,4114.0,337.0,213900.0,66968.0,34079.0,32889.0,34079.0,305.0,2843.0,8974.0,9967.0,5434.0,3348.0,3208.0,1723.0,32889.0,2384.0,4521.0,7891.0,6473.0,4918.0,6702.0,657.0,33895.0,16193.0,6334.0,2327.0,1755.0,7286.0,184.0,32543.0,12577.0,6546.0,3152.0,2358.0,1896.0,1287.0,4727.0,346.0,59840.0,1789.0,16646.0,28655.0,10099.0,1745.0,489.0,417.0,1170.0,1245.0,57502.0,5768.0,8080.0,5464.0,6179.0,5626.0,26385.0,3583.0
McLennan,109561.0,96965.0,12596.0,2.1,7.5,109561.0,73943.0,3009.0,4645.0,4553.0,4504.0,5845.0,7472.0,4899.0,691.0,109561.0,3566.0,17197.0,13861.0,11918.0,12325.0,16414.0,10282.0,13625.0,5240.0,5133.0,109561.0,2162.0,4520.0,8703.0,19331.0,23263.0,19930.0,13980.0,8828.0,8844.0,5.4,109561.0,2314.0,13806.0,25962.0,45094.0,19063.0,3322.0,96965.0,62830.0,34135.0,2.85,2.38,96965.0,30737.0,17277.0,20021.0,12929.0,8987.0,7014.0,96965.0,6245.0,32483.0,36435.0,21802.0,96965.0,24112.0,2856.0,68025.0,51.0,0.0,381.0,503.0,145.0,892.0,96965.0,227.0,911.0,407.0,96965.0,93559.0,3074.0,332.0,62830.0,3635.0,4271.0,6215.0,7021.0,15854.0,16510.0,8411.0,913.0,264100.0,62830.0,33088.0,29742.0,33088.0,179.0,2255.0,8610.0,8468.0,6213.0,3974.0,3389.0,1812.0,29742.0,1696.0,3485.0,6366.0,6913.0,4369.0,6913.0,702.0,33041.0,12013.0,5860.0,3865.0,2590.0,8713.0,47.0,29334.0,11707.0,7114.0,3212.0,1895.0,890.0,652.0,3864.0,408.0,32734.0,2028.0,11332.0,12000.0,5759.0,776.0,210.0,629.0,1120.0,1401.0,31878.0,2777.0,3084.0,5186.0,2396.0,2370.0,16065.0,2257.0
Midland,73645.0,70890.0,2755.0,2.1,4.0,73645.0,45749.0,1416.0,1033.0,1774.0,3427.0,6086.0,9022.0,5004.0,134.0,73645.0,5545.0,15769.0,9175.0,6843.0,12255.0,7338.0,3970.0,9911.0,1209.0,1630.0,73645.0,2360.0,3966.0,6891.0,11742.0,9871.0,13187.0,11507.0,5875.0,8246.0,5.7,73645.0,2360.0,10867.0,14604.0,27856.0,15571.0,2387.0,70890.0,46554.0,24336.0,2.82,1.8,70890.0,26562.0,15101.0,12760.0,8232.0,4427.0,3808.0,70890.0,3635.0,24008.0,27994.0,15253.0,70890.0,26675.0,3026.0,39740.0,0.0,0.0,63.0,544.0,245.0,597.0,70890.0,885.0,217.0,559.0,70890.0,68044.0,2508.0,338.0,46554.0,2044.0,2262.0,3817.0,2946.0,10381.0,17440.0,6833.0,831.0,314500.0,46554.0,27295.0,19259.0,27295.0,217.0,889.0,4617.0,6948.0,6129.0,3892.0,4603.0,2080.0,19259.0,1516.0,1997.0,3756.0,4258.0,2401.0,5331.0,687.0,27088.0,14061.0,3908.0,3160.0,2179.0,3780.0,207.0,19259.0,7771.0,2820.0,1554.0,2007.0,598.0,1424.0,3085.0,0.0,,,,,,,,,1328.0,,23283.0,5867.0,2093.0,3362.0,2267.0,2013.0,7681.0,1053.0
Montgomery,280341.0,262273.0,18068.0,1.1,6.9,280341.0,191219.0,7335.0,1819.0,4770.0,7845.0,13541.0,23461.0,29399.0,952.0,280341.0,29152.0,74439.0,67159.0,40954.0,32498.0,25595.0,6775.0,1633.0,570.0,1566.0,280341.0,5153.0,8898.0,16019.0,35896.0,45765.0,51115.0,35706.0,33677.0,48112.0,6.1,280341.0,5453.0,23128.0,42965.0,110692.0,79921.0,18182.0,262273.0,182061.0,80212.0,2.86,2.34,262273.0,86702.0,57342.0,58891.0,35910.0,14098.0,9330.0,262273.0,8490.0,70569.0,115075.0,68139.0,262273.0,107777.0,10742.0,141054.0,64.0,0.0,358.0,118.0,1397.0,763.0,262273.0,660.0,1105.0,1904.0,262273.0,253571.0,5660.0,3042.0,182061.0,6791.0,7571.0,6743.0,12469.0,33825.0,65136.0,41455.0,8071.0,359800.0,182061.0,114785.0,67276.0,114785.0,486.0,4053.0,14641.0,25398.0,22135.0,17884.0,30188.0,2289.0,67276.0,3802.0,7804.0,12872.0,11536.0,9483.0,21779.0,761.0,114130.0,49371.0,19541.0,11842.0,7316.0,26060.0,655.0,67015.0,29914.0,14720.0,7099.0,4607.0,3193.0,1910.0,5572.0,261.0,77841.0,1651.0,8199.0,28696.0,23442.0,8798.0,3805.0,3250.0,1508.0,2371.0,76378.0,6650.0,10559.0,14456.0,7665.0,5948.0,31100.0,3834.0
Nacogdoches,29235.0,25074.0,4161.0,2.5,9.9,29235.0,16195.0,182.0,463.0,2034.0,1159.0,802.0,2911.0,5376.0,113.0,29235.0,494.0,3901.0,3324.0,4548.0,4634.0,5537.0,2725.0,1953.0,487.0,1632.0,29235.0,1526.0,787.0,2349.0,6073.0,6312.0,5558.0,3072.0,1914.0,1644.0,5.1,29235.0,1684.0,2681.0,7699.0,12605.0,4176.0,390.0,25074.0,14418.0,10656.0,2.76,1.99,25074.0,9007.0,3610.0,5406.0,3779.0,1313.0,1959.0,25074.0,2397.0,8343.0,8786.0,5548.0,,,,,,,,,,,25074.0,231.0,219.0,748.0,25074.0,23508.0,830.0,736.0,14418.0,2158.0,1706.0,1380.0,1913.0,3635.0,2445.0,911.0,270.0,201500.0,14418.0,5759.0,8659.0,5759.0,0.0,905.0,1971.0,915.0,1210.0,553.0,205.0,1501.0,8659.0,1349.0,1702.0,2442.0,1371.0,792.0,1003.0,486.0,5751.0,3105.0,845.0,399.0,444.0,958.0,8.0,8604.0,3548.0,1906.0,1472.0,290.0,340.0,64.0,984.0,55.0,,,,,,,,,883.0,,9991.0,1983.0,886.0,711.0,1072.0,906.0,4433.0,665.0
Nueces,155871.0,132759.0,23112.0,1.0,13.9,155871.0,99825.0,2334.0,3101.0,8142.0,11463.0,7490.0,15529.0,7852.0,135.0,155871.0,3565.0,19125.0,20194.0,14116.0,27072.0,24842.0,17406.0,17244.0,8789.0,3518.0,155871.0,4856.0,7355.0,14890.0,33041.0,39267.0,27842.0,12087.0,7359.0,9174.0,5.0,155871.0,5022.0,17442.0,42822.0,63093.0,24513.0,2979.0,132759.0,78509.0,54250.0,2.71,2.43,132759.0,41349.0,24843.0,26006.0,15951.0,9911.0,14699.0,132759.0,9337.0,45833.0,52644.0,24945.0,132759.0,26697.0,1116.0,103561.0,51.0,0.0,0.0,413.0,97.0,824.0,132759.0,884.0,760.0,1653.0,132759.0,125784.0,4375.0,2600.0,78509.0,3768.0,11872.0,10116.0,10668.0,19620.0,14821.0,6644.0,1000.0,213500.0,78509.0,40058.0,38451.0,40058.0,291.0,1964.0,8888.0,9699.0,8285.0,4959.0,5972.0,1946.0,38451.0,1777.0,6019.0,9378.0,8721.0,4679.0,7877.0,641.0,39800.0,17569.0,4396.0,4994.0,3579.0,9262.0,258.0,38005.0,14646.0,6939.0,4061.0,2605.0,2827.0,1118.0,5809.0,446.0,50340.0,3512.0,11390.0,19622.0,12231.0,2156.0,758.0,671.0,1248.0,3910.0,49672.0,7126.0,5451.0,5509.0,6544.0,4549.0,20493.0,4578.0
Orange,38185.0,33271.0,4914.0,1.8,14.0,38185.0,26366.0,447.0,1169.0,1157.0,404.0,1297.0,1100.0,5962.0,283.0,38185.0,1531.0,4423.0,5224.0,4558.0,5210.0,5189.0,5518.0,3390.0,776.0,2366.0,38185.0,1066.0,1056.0,2514.0,5363.0,8064.0,9531.0,4568.0,2908.0,3115.0,5.6,38185.0,1066.0,3201.0,9806.0,18988.0,3811.0,1313.0,33271.0,23964.0,9307.0,2.66,2.31,33271.0,9056.0,5229.0,6171.0,4944.0,3975.0,3896.0,33271.0,1755.0,12704.0,12360.0,6452.0,,,,,,,,,,,33271.0,741.0,1027.0,,33271.0,32387.0,197.0,687.0,23964.0,2915.0,3260.0,3135.0,4200.0,5635.0,3808.0,664.0,347.0,180500.0,23964.0,10453.0,13511.0,10453.0,386.0,1326.0,2170.0,2372.0,2362.0,768.0,1069.0,1821.0,13511.0,1418.0,2442.0,3753.0,2633.0,1822.0,1443.0,552.0,10453.0,4072.0,1272.0,1778.0,968.0,2363.0,0.0,13238.0,6029.0,2421.0,1329.0,1022.0,755.0,86.0,1596.0,273.0,,,,,,,,,1067.0,,8798.0,1045.0,1504.0,1144.0,976.0,422.0,3707.0,509.0
Parker,61205.0,57996.0,3209.0,1.7,13.1,61205.0,46234.0,846.0,674.0,2472.0,954.0,780.0,1208.0,7288.0,749.0,61205.0,8240.0,14313.0,13338.0,8641.0,5322.0,5307.0,2461.0,1634.0,1102.0,847.0,61205.0,198.0,1605.0,2685.0,9222.0,11902.0,11116.0,10256.0,7282.0,6939.0,5.9,61205.0,198.0,3917.0,9581.0,28403.0,17721.0,1385.0,57996.0,46526.0,11470.0,3.02,2.73,57996.0,16973.0,11644.0,14624.0,6985.0,4699.0,3071.0,57996.0,694.0,14164.0,26325.0,16813.0,57996.0,6193.0,4202.0,46807.0,112.0,0.0,151.0,253.0,20.0,258.0,57996.0,571.0,793.0,176.0,57996.0,56350.0,1536.0,110.0,46526.0,2588.0,1482.0,1277.0,3149.0,6909.0,16377.0,13290.0,1454.0,383100.0,46526.0,27137.0,19389.0,27137.0,254.0,972.0,3118.0,4459.0,6928.0,3648.0,7758.0,2344.0,19389.0,828.0,1472.0,3081.0,3239.0,4229.0,6540.0,852.0,27137.0,11553.0,3932.0,3491.0,2922.0,5239.0,0.0,19209.0,7154.0,3270.0,2325.0,2114.0,714.0,729.0,2903.0,180.0,,,,,,,,,1541.0,,10721.0,881.0,1201.0,1593.0,1068.0,1349.0,4629.0,749.0
Potter,49683.0,42674.0,7009.0,1.2,16.5,49683.0,34390.0,2886.0,1312.0,1169.0,1306.0,775.0,4001.0,3768.0,76.0,49683.0,470.0,2578.0,4086.0,2534.0,4510.0,3818.0,7954.0,10208.0,8547.0,4978.0,49683.0,1532.0,1251.0,3931.0,10630.0,14407.0,7832.0,4308.0,2730.0,3062.0,5.0,49683.0,1532.0,7026.0,15426.0,20803.0,3460.0,1436.0,42674.0,25303.0,17371.0,2.71,2.32,42674.0,13171.0,6866.0,9224.0,6010.0,3911.0,3492.0,42674.0,3164.0,15912.0,14117.0,9481.0,,,,,,,,,,,42674.0,73.0,586.0,838.0,,,,,25303.0,2093.0,5569.0,5584.0,3619.0,4664.0,2538.0,1201.0,35.0,144800.0,25303.0,11111.0,14192.0,11111.0,0.0,1614.0,4601.0,2094.0,1220.0,415.0,1167.0,1416.0,14192.0,1067.0,3456.0,3688.0,2658.0,1454.0,1869.0,553.0,11111.0,4014.0,2347.0,1195.0,334.0,3221.0,0.0,14051.0,6292.0,2249.0,1808.0,1422.0,485.0,437.0,1358.0,141.0,,,,,,,,,980.0,,15766.0,1287.0,1543.0,2238.0,3290.0,682.0,6726.0,1605.0
Randall,62194.0,56279.0,5915.0,0.0,10.4,62194.0,42214.0,1640.0,1047.0,892.0,2468.0,3121.0,5340.0,5472.0,0.0,62194.0,2120.0,10673.0,9107.0,6274.0,9213.0,10255.0,7278.0,4920.0,1332.0,1022.0,62194.0,1983.0,2605.0,5501.0,7237.0,14413.0,11327.0,8870.0,4547.0,5711.0,5.5,62194.0,2032.0,7430.0,9865.0,29600.0,11948.0,1319.0,56279.0,38800.0,17479.0,2.78,2.16,56279.0,15874.0,11470.0,13364.0,8491.0,3838.0,3242.0,56279.0,2513.0,18363.0,21760.0,13643.0,,,,,,,,,,,56279.0,413.0,473.0,820.0,56279.0,53965.0,1444.0,870.0,38800.0,2040.0,2290.0,3352.0,5994.0,11874.0,10257.0,2403.0,590.0,236900.0,38800.0,22181.0,16619.0,22181.0,545.0,1958.0,4636.0,5728.0,4726.0,2313.0,2275.0,1848.0,16619.0,856.0,1098.0,3209.0,4846.0,2757.0,3853.0,732.0,22181.0,10473.0,4556.0,2582.0,1313.0,3257.0,0.0,16308.0,6975.0,4186.0,1318.0,1010.0,608.0,502.0,1709.0,311.0,,,,,,,,,1059.0,,16541.0,2100.0,1456.0,2700.0,2429.0,1276.0,6580.0,938.0
Rockwall,46264.0,43259.0,3005.0,4.0,3.8,46264.0,39764.0,899.0,0.0,808.0,509.0,557.0,2352.0,1375.0,0.0,46264.0,7028.0,10422.0,14144.0,5401.0,5945.0,2451.0,129.0,184.0,39.0,521.0,46264.0,814.0,479.0,1770.0,3065.0,7368.0,10881.0,5624.0,5680.0,10583.0,6.4,46264.0,814.0,1949.0,3798.0,18048.0,17555.0,4100.0,43259.0,34738.0,8521.0,3.13,2.56,43259.0,13154.0,10727.0,9368.0,6533.0,2678.0,799.0,43259.0,627.0,11250.0,18314.0,13068.0,,,,,,,,,,,43259.0,631.0,383.0,257.0,43259.0,42293.0,669.0,297.0,34738.0,831.0,625.0,474.0,514.0,4689.0,14957.0,11223.0,1425.0,429700.0,34738.0,23710.0,11028.0,23710.0,0.0,184.0,1656.0,4492.0,6191.0,4385.0,6802.0,2446.0,11028.0,180.0,507.0,792.0,1976.0,2972.0,4601.0,933.0,23687.0,8683.0,4181.0,3001.0,2297.0,5525.0,23.0,10871.0,4224.0,2900.0,1646.0,533.0,89.0,210.0,1269.0,157.0,,,,,,,,,2093.0,,7751.0,257.0,1249.0,847.0,1009.0,914.0,3475.0,770.0
San,30845.0,25735.0,5110.0,3.7,5.6,30845.0,21592.0,200.0,1169.0,639.0,1779.0,1022.0,925.0,3173.0,346.0,30845.0,1141.0,4217.0,4453.0,1480.0,4037.0,7478.0,2839.0,3139.0,912.0,1149.0,30845.0,1656.0,1035.0,1562.0,6759.0,7709.0,4265.0,3996.0,2008.0,1855.0,5.1,30845.0,1656.0,1967.0,6237.0,14069.0,6427.0,489.0,25735.0,17615.0,8120.0,2.9,2.33,25735.0,6284.0,5297.0,5991.0,3866.0,2303.0,1994.0,25735.0,1517.0,8024.0,10967.0,5227.0,,,,,,,,,,,25735.0,154.0,178.0,10.0,25735.0,23519.0,1814.0,402.0,17615.0,1979.0,2805.0,1222.0,3174.0,4645.0,2286.0,1214.0,290.0,193200.0,17615.0,9065.0,8550.0,9065.0,308.0,736.0,2135.0,2399.0,1898.0,586.0,1003.0,1792.0,8550.0,794.0,1437.0,1655.0,1850.0,1400.0,1414.0,629.0,9003.0,2705.0,850.0,1368.0,1231.0,2849.0,62.0,8432.0,3051.0,1901.0,1236.0,317.0,448.0,308.0,1171.0,118.0,,,,,,,,,1165.0,,7316.0,1264.0,442.0,1549.0,141.0,693.0,3227.0,804.0
Smith,100755.0,81987.0,18768.0,1.5,22.0,100755.0,67035.0,2689.0,2888.0,2958.0,4639.0,5162.0,3920.0,10838.0,626.0,100755.0,5111.0,14324.0,18677.0,11452.0,12937.0,15099.0,7871.0,9242.0,3256.0,2786.0,100755.0,2201.0,3264.0,10250.0,15027.0,21175.0,17845.0,12286.0,8366.0,10341.0,5.4,100755.0,2308.0,7646.0,23587.0,45866.0,18096.0,3252.0,81987.0,57201.0,24786.0,2.99,2.76,81987.0,23873.0,16322.0,18051.0,12690.0,6787.0,4264.0,81987.0,3725.0,24543.0,35667.0,18052.0,81987.0,28934.0,2907.0,49020.0,0.0,0.0,648.0,169.0,50.0,259.0,81987.0,402.0,880.0,1525.0,81987.0,78259.0,2794.0,934.0,57201.0,4611.0,5249.0,4147.0,5479.0,13325.0,12846.0,10488.0,1056.0,272700.0,57201.0,28989.0,28212.0,28989.0,163.0,2928.0,5645.0,8133.0,4916.0,3274.0,3930.0,1850.0,28212.0,2515.0,3258.0,6232.0,6366.0,4297.0,5544.0,656.0,28800.0,13142.0,3891.0,3674.0,1877.0,6216.0,189.0,27570.0,10225.0,4893.0,4561.0,1852.0,1498.0,524.0,4017.0,642.0,,,,,,,,,1299.0,,23220.0,2271.0,2444.0,3415.0,2690.0,2252.0,10148.0,1566.0
Starr,23208.0,19004.0,4204.0,1.1,8.6,23208.0,18158.0,38.0,343.0,596.0,528.0,852.0,196.0,2459.0,38.0,23208.0,277.0,4729.0,4664.0,4722.0,4428.0,2233.0,1581.0,436.0,0.0,138.0,23208.0,525.0,657.0,2089.0,5241.0,5274.0,5422.0,2035.0,969.0,996.0,5.1,23208.0,525.0,1356.0,6404.0,10665.0,3811.0,447.0,19004.0,12708.0,6296.0,3.57,3.19,19004.0,3081.0,2624.0,4744.0,3088.0,2193.0,3274.0,19004.0,952.0,6711.0,7172.0,4169.0,,,,,,,,,,,19004.0,138.0,123.0,238.0,19004.0,17373.0,1115.0,516.0,12708.0,3002.0,4063.0,2390.0,1853.0,752.0,310.0,338.0,0.0,89600.0,12708.0,,,,,,,,,,,1316.0,,,,,,,,363.0,2599.0,1347.0,518.0,178.0,147.0,409.0,95.0,9823.0,5249.0,1605.0,1163.0,539.0,325.0,488.0,454.0,191.0,,,,,,,,,747.0,,5039.0,654.0,422.0,633.0,543.0,493.0,2294.0,1257.0
Tarrant,861091.0,801716.0,59375.0,0.7,7.2,861091.0,560244.0,29578.0,12440.0,30485.0,59962.0,57918.0,94548.0,14988.0,928.0,861091.0,40221.0,119171.0,171986.0,111204.0,151382.0,101180.0,55749.0,62574.0,22387.0,25237.0,861091.0,21936.0,32837.0,92264.0,136219.0,157497.0,145329.0,96277.0,78782.0,99950.0,5.4,861091.0,22860.0,122844.0,168621.0,325331.0,179914.0,41521.0,801716.0,468641.0,333075.0,2.94,2.33,801716.0,267135.0,160140.0,160972.0,113125.0,55976.0,44368.0,801716.0,36612.0,269959.0,317690.0,177455.0,801716.0,243466.0,10489.0,536296.0,1086.0,194.0,290.0,3020.0,870.0,6005.0,801716.0,3765.0,6331.0,5748.0,801716.0,770270.0,22632.0,8814.0,468641.0,17788.0,9016.0,16437.0,35568.0,112101.0,184792.0,76084.0,16855.0,336000.0,468641.0,288493.0,180148.0,288493.0,1339.0,11042.0,42362.0,64712.0,62455.0,40687.0,65896.0,2198.0,180148.0,4677.0,12099.0,31592.0,36429.0,32515.0,62836.0,833.0,287442.0,120273.0,48198.0,32816.0,20576.0,65579.0,1051.0,177992.0,66609.0,39642.0,21006.0,15515.0,7946.0,4321.0,22953.0,2156.0,322968.0,5563.0,24814.0,117654.0,98156.0,47259.0,17634.0,11888.0,1569.0,10107.0,318250.0,26451.0,30282.0,33398.0,40390.0,32973.0,154756.0,14825.0
Taylor,62978.0,54805.0,8173.0,0.6,1.8,62978.0,43675.0,904.0,1947.0,2894.0,2827.0,3005.0,3520.0,4044.0,162.0,62978.0,2169.0,7356.0,5559.0,6421.0,9015.0,8665.0,4270.0,11684.0,3582.0,4257.0,62978.0,1214.0,1720.0,4656.0,10465.0,15538.0,11420.0,7246.0,5154.0,5565.0,5.4,62978.0,1254.0,5352.0,13908.0,31763.0,8441.0,2260.0,54805.0,32505.0,22300.0,2.79,2.23,54805.0,20363.0,9828.0,9976.0,5783.0,4972.0,3883.0,54805.0,1792.0,20872.0,20905.0,11236.0,,,,,,,,,,,54805.0,159.0,138.0,216.0,54805.0,53437.0,1122.0,246.0,32505.0,3120.0,4453.0,4933.0,3722.0,8618.0,5648.0,1589.0,422.0,200300.0,32505.0,17460.0,15045.0,17460.0,137.0,2259.0,5185.0,5387.0,1682.0,1322.0,1488.0,1634.0,15045.0,626.0,2348.0,4520.0,2611.0,2307.0,2633.0,602.0,17460.0,7143.0,3506.0,1495.0,1224.0,4092.0,0.0,14810.0,5918.0,2982.0,1162.0,1180.0,1163.0,554.0,1851.0,235.0,,,,,,,,,1269.0,,20996.0,2083.0,3645.0,2058.0,1957.0,1653.0,9600.0,1304.0
Tom,52674.0,47638.0,5036.0,1.4,7.1,52674.0,35335.0,2047.0,358.0,2027.0,3470.0,1749.0,4056.0,3536.0,96.0,52674.0,764.0,7195.0,4334.0,4541.0,8705.0,8327.0,5374.0,9123.0,1913.0,2398.0,52674.0,2602.0,2615.0,5616.0,8818.0,11875.0,9528.0,4744.0,4114.0,2762.0,5.1,52674.0,2602.0,6594.0,13134.0,24518.0,5174.0,652.0,47638.0,28060.0,19578.0,2.59,2.16,47638.0,16358.0,8235.0,9348.0,6455.0,3632.0,3610.0,47638.0,2941.0,19732.0,16388.0,8577.0,47638.0,13607.0,1352.0,31075.0,56.0,0.0,183.0,42.0,636.0,687.0,47638.0,141.0,211.0,214.0,47638.0,45733.0,1464.0,441.0,28060.0,2624.0,4341.0,2964.0,4207.0,6642.0,4901.0,1626.0,755.0,198500.0,28060.0,13457.0,14603.0,13457.0,237.0,1523.0,3956.0,3467.0,2328.0,1244.0,702.0,1642.0,14603.0,1371.0,2593.0,3973.0,2660.0,1595.0,2411.0,569.0,13300.0,5351.0,2178.0,1542.0,578.0,3651.0,157.0,14500.0,5696.0,3058.0,1329.0,781.0,1219.0,510.0,1907.0,103.0,18600.0,1258.0,6077.0,7419.0,2509.0,1099.0,112.0,126.0,1128.0,978.0,18462.0,2504.0,1199.0,2954.0,1619.0,1220.0,8966.0,1116.0
Travis,644946.0,608921.0,36025.0,1.3,5.3,644946.0,331139.0,29713.0,15724.0,20530.0,31111.0,57883.0,141177.0,16766.0,903.0,644946.0,47919.0,156099.0,117105.0,78326.0,95637.0,70920.0,34862.0,23595.0,10276.0,10207.0,644946.0,25999.0,61621.0,93361.0,104795.0,99408.0,92341.0,57312.0,47722.0,62387.0,4.9,644946.0,29855.0,130252.0,141350.0,196172.0,124207.0,23110.0,608921.0,317631.0,291290.0,2.46,1.82,608921.0,247543.0,123726.0,119663.0,64241.0,30742.0,23006.0,608921.0,33227.0,246362.0,228510.0,100822.0,608921.0,247858.0,18317.0,334137.0,586.0,105.0,787.0,1534.0,1023.0,4574.0,608921.0,1568.0,3527.0,3850.0,608921.0,587960.0,12348.0,8613.0,317631.0,8657.0,5854.0,3486.0,3934.0,18556.0,94589.0,130630.0,51925.0,569000.0,317631.0,214704.0,102927.0,214704.0,1159.0,5495.0,21200.0,34354.0,40335.0,26305.0,85856.0,2591.0,102927.0,2703.0,4868.0,12511.0,12625.0,14888.0,55332.0,1041.0,213326.0,100415.0,31166.0,17876.0,16933.0,46936.0,1378.0,102111.0,43253.0,21929.0,11456.0,6247.0,3030.0,2615.0,13581.0,816.0,286348.0,4296.0,10122.0,71865.0,105338.0,54752.0,23477.0,16498.0,1770.0,4942.0,280059.0,29507.0,33548.0,40331.0,31169.0,26871.0,118633.0,11231.0
Victoria,39826.0,34484.0,5342.0,1.1,17.5,39826.0,26712.0,475.0,881.0,2524.0,2019.0,984.0,1488.0,4253.0,490.0,39826.0,495.0,4776.0,5496.0,5016.0,4349.0,6693.0,4385.0,5221.0,1959.0,1436.0,39826.0,1108.0,503.0,2848.0,6589.0,10137.0,7816.0,5087.0,2825.0,2913.0,5.4,39826.0,1108.0,3417.0,8453.0,21178.0,4916.0,754.0,34484.0,23318.0,11166.0,2.79,2.25,34484.0,9460.0,6171.0,7597.0,4913.0,2942.0,3401.0,34484.0,2067.0,9266.0,13045.0,10106.0,,,,,,,,,,,34484.0,315.0,819.0,641.0,,,,,23318.0,2460.0,2350.0,3373.0,3325.0,5349.0,4327.0,2043.0,91.0,202400.0,23318.0,10156.0,13162.0,10156.0,55.0,613.0,3498.0,1845.0,2641.0,235.0,1269.0,1668.0,13162.0,527.0,1442.0,3958.0,2917.0,1821.0,2497.0,633.0,10101.0,4582.0,1692.0,910.0,486.0,2431.0,55.0,12980.0,5595.0,2542.0,1433.0,586.0,1021.0,235.0,1568.0,182.0,,,,,,,,,1164.0,,10336.0,1491.0,1457.0,1785.0,789.0,929.0,3885.0,830.0
Walker,31405.0,26539.0,4866.0,0.2,7.4,31405.0,16451.0,1469.0,1145.0,579.0,1349.0,1692.0,4638.0,4034.0,48.0,31405.0,2619.0,4427.0,4508.0,4543.0,6431.0,4409.0,2736.0,1158.0,269.0,305.0,31405.0,411.0,1498.0,3209.0,5310.0,5400.0,6916.0,2606.0,3039.0,3016.0,5.5,31405.0,419.0,3921.0,7610.0,12360.0,5909.0,1186.0,26539.0,15536.0,11003.0,2.49,2.13,26539.0,9780.0,4030.0,5927.0,3905.0,1286.0,1611.0,26539.0,1648.0,8889.0,8842.0,7160.0,,,,,,,,,,,26539.0,0.0,196.0,,,,,,15536.0,1494.0,725.0,1038.0,1430.0,3120.0,6202.0,1353.0,174.0,298600.0,15536.0,,,,,,,,,,,1681.0,,,,,,,,616.0,7550.0,2479.0,704.0,721.0,1350.0,2296.0,0.0,7920.0,3191.0,1443.0,1163.0,496.0,211.0,198.0,1218.0,66.0,,,,,,,,,1045.0,,10458.0,377.0,2474.0,994.0,1080.0,1586.0,3947.0,545.0
Webb,89651.0,83045.0,6606.0,1.1,7.4,89651.0,60253.0,3943.0,1110.0,3392.0,3056.0,3525.0,7672.0,6678.0,22.0,89651.0,4174.0,15861.0,20883.0,19158.0,9985.0,7918.0,3115.0,3575.0,1279.0,3703.0,89651.0,1982.0,3139.0,9678.0,16206.0,22134.0,18693.0,8157.0,5740.0,3922.0,5.1,89651.0,2394.0,8003.0,18624.0,40713.0,18004.0,1913.0,83045.0,54264.0,28781.0,3.32,2.99,83045.0,20366.0,13986.0,20156.0,14150.0,8017.0,6370.0,83045.0,5672.0,25918.0,31092.0,20363.0,83045.0,9999.0,646.0,70252.0,58.0,0.0,0.0,1470.0,0.0,620.0,83045.0,735.0,757.0,1080.0,83045.0,74909.0,6440.0,1696.0,54264.0,1874.0,5532.0,8039.0,11517.0,16683.0,8714.0,1654.0,251.0,200800.0,54264.0,29341.0,24923.0,29341.0,87.0,1853.0,7772.0,10734.0,4970.0,2132.0,1793.0,1711.0,24923.0,1290.0,5084.0,7507.0,4928.0,3163.0,2951.0,568.0,28970.0,9330.0,5475.0,4309.0,1634.0,8222.0,371.0,24713.0,10293.0,4081.0,2760.0,2495.0,705.0,685.0,3694.0,210.0,26844.0,1925.0,11759.0,9351.0,3060.0,239.0,234.0,276.0,990.0,1937.0,26420.0,3619.0,3485.0,2893.0,2263.0,3541.0,10619.0,2361.0
Wichita,55973.0,49403.0,6570.0,1.6,12.1,55973.0,41673.0,658.0,978.0,2830.0,2938.0,1855.0,3103.0,1938.0,0.0,55973.0,413.0,4203.0,4270.0,3662.0,8111.0,9265.0,8155.0,7796.0,3520.0,6578.0,55973.0,1470.0,1088.0,4559.0,8772.0,16235.0,11718.0,6455.0,2519.0,3157.0,5.2,55973.0,1594.0,4385.0,15369.0,26708.0,7796.0,121.0,49403.0,31701.0,17702.0,2.46,2.36,49403.0,16384.0,8310.0,9873.0,5296.0,4828.0,4712.0,49403.0,3356.0,18080.0,18103.0,9864.0,,,,,,,,,,,49403.0,63.0,939.0,690.0,49403.0,47975.0,885.0,543.0,31701.0,3214.0,7045.0,3951.0,4082.0,7862.0,4154.0,1201.0,192.0,168100.0,31701.0,14748.0,16953.0,14748.0,109.0,2284.0,4248.0,2630.0,2941.0,1232.0,1304.0,1630.0,16953.0,925.0,3026.0,5027.0,3679.0,1847.0,2449.0,582.0,14748.0,7598.0,1364.0,1356.0,1042.0,3388.0,0.0,16599.0,7276.0,3440.0,1663.0,1355.0,480.0,496.0,1889.0,354.0,16313.0,1076.0,7504.0,6066.0,843.0,379.0,82.0,363.0,976.0,1389.0,16141.0,2471.0,1538.0,2100.0,2264.0,994.0,6774.0,1561.0
Williamson,275590.0,264986.0,10604.0,1.0,2.7,275590.0,197214.0,7987.0,6399.0,4706.0,9513.0,15708.0,28968.0,4961.0,134.0,275590.0,36002.0,79957.0,65269.0,44174.0,27667.0,13470.0,2659.0,1575.0,981.0,3836.0,275590.0,5137.0,12181.0,18534.0,35256.0,52829.0,50282.0,37526.0,26379.0,37466.0,5.8,275590.0,5632.0,29480.0,43268.0,103886.0,77027.0,16297.0,264986.0,174598.0,90388.0,2.81,2.23,264986.0,92779.0,61320.0,58583.0,34722.0,11938.0,5644.0,264986.0,10564.0,85776.0,115547.0,53099.0,264986.0,113641.0,11348.0,137294.0,0.0,82.0,92.0,1466.0,313.0,750.0,264986.0,1290.0,2074.0,1926.0,264986.0,258092.0,4351.0,2543.0,174598.0,2939.0,1234.0,1556.0,2628.0,13732.0,80092.0,66737.0,5680.0,464800.0,174598.0,119028.0,55570.0,119028.0,551.0,2458.0,9176.0,24069.0,26957.0,20976.0,34841.0,2431.0,55570.0,611.0,1619.0,6209.0,11275.0,13506.0,22350.0,911.0,118857.0,59609.0,19427.0,11729.0,7786.0,20306.0,171.0,55408.0,25448.0,11274.0,6699.0,3652.0,1946.0,1435.0,4954.0,162.0,,,,,,,,,1830.0,,87370.0,8825.0,9870.0,10054.0,10937.0,10612.0,37072.0,3018.0
Wise,27986.0,26319.0,1667.0,0.7,8.4,27986.0,20563.0,292.0,168.0,580.0,489.0,93.0,204.0,5518.0,79.0,27986.0,1916.0,6093.0,4839.0,4532.0,3385.0,2946.0,1415.0,1430.0,992.0,438.0,27986.0,324.0,472.0,1227.0,4113.0,6054.0,5791.0,3390.0,3512.0,3103.0,5.8,27986.0,459.0,1189.0,4780.0,15226.0,5203.0,1129.0,26319.0,21389.0,4930.0,2.95,2.74,26319.0,6687.0,5981.0,5907.0,3563.0,2746.0,1435.0,26319.0,732.0,5169.0,10545.0,9873.0,26319.0,2779.0,1630.0,20848.0,0.0,0.0,113.0,480.0,16.0,453.0,26319.0,0.0,228.0,487.0,26319.0,24759.0,910.0,650.0,21389.0,707.0,1486.0,2239.0,1409.0,4126.0,6086.0,4638.0,698.0,318300.0,21389.0,12258.0,9131.0,12258.0,0.0,533.0,2327.0,1457.0,2687.0,1856.0,3398.0,2337.0,9131.0,291.0,1321.0,2275.0,1702.0,1476.0,2066.0,660.0,12244.0,4967.0,1789.0,1442.0,1081.0,2965.0,14.0,8969.0,3638.0,2407.0,1431.0,223.0,99.0,96.0,1075.0,162.0,,,,,,,,,1292.0,,4447.0,510.0,568.0,413.0,683.0,537.0,1736.0,483.0
